{
  "students": [
    {
      "id": 1,
      "fname": "Isim1",
      "lname": "Soyisim1",
      "num": "152120171101",
      "dept": "2",
      "pob": "Eskişehir",
      "dob": "1999-03-23"
    },
    {
      "id": 2,
      "fname": "Isim2",
      "lname": "Soyisim2",
      "num": "152120171102",
      "dept": 1,
      "pob": "Ankara",
      "dob": "2000-04-30"
    },
    {
      "id": 3,
      "fname": "Isim3",
      "lname": "Soyisim3",
      "num": "152120171103",
      "dept": 3,
      "pob": "Kütahya",
      "dob": "2001-07-12"
    },
    {
      "id": 4,
      "fname": "Isim4",
      "lname": "Soyisim4",
      "num": "152120171104",
      "dept": 4,
      "pob": "İzmir",
      "dob": "1998-06-16"
    },
    {
      "id": 5,
      "fname": "Isim5",
      "lname": "Soyisim5",
      "num": "152120171105",
      "dept": 1,
      "pob": "Konya",
      "dob": "2001-08-18"
    },
    {
      "id": 6,
      "fname": "Isim6",
      "lname": "Soyisim6",
      "num": "152120171106",
      "dept": 2,
      "pob": "Kars",
      "dob": "1999-09-19"
    },
    {
      "id": 7,
      "fname": "Isim7",
      "lname": "Soyisim7",
      "num": "152120171107",
      "dept": 3,
      "pob": "Mardin",
      "dob": "2000-10-03"
    },
    {
      "id": 8,
      "fname": "Isim8",
      "lname": "Soyisim8",
      "num": "152120171108",
      "dept": 4,
      "pob": "Antalya",
      "dob": "1995-12-25"
    },
    {
      "id": 9,
      "fname": "Isim9",
      "lname": "Soyisim9",
      "num": "152120171109",
      "dept": 1,
      "pob": "Tokat",
      "dob": "2001-07-16"
    },
    {
      "id": 10,
      "fname": "Isim10",
      "lname": "Soyisim10",
      "num": "152120171110",
      "dept": 3,
      "pob": "Denizli",
      "dob": "1999-05-19"
    },
    {
      "id": 11,
      "fname": "Isim11",
      "lname": "Soyisim11",
      "num": "152120171111",
      "dept": 2,
      "pob": "Yozgat",
      "dob": "1999-05-05"
    },
    {
      "id": 12,
      "fname": "Isim12",
      "lname": "Soyisim12",
      "num": "152120171112",
      "dept": 1,
      "pob": "Sivas",
      "dob": "1998-04-04"
    },
    {
      "id": 13,
      "fname": "Isim13",
      "lname": "Soyisim13",
      "num": "152120171113",
      "dept": 2,
      "pob": "Bursa",
      "dob": "1998-03-19"
    },
    {
      "id": 14,
      "fname": "Isim14",
      "lname": "Soyisim14",
      "num": "152120171114",
      "dept": 4,
      "pob": "Çankırı",
      "dob": "1999-02-28"
    },
    {
      "id": 15,
      "fname": "Isim15",
      "lname": "Soyisim15",
      "num": "152120171115",
      "dept": 3,
      "pob": "Aydın",
      "dob": "1999-03-12"
    },
    {
      "id": 16,
      "fname": "Isim16",
      "lname": "Soyisim16",
      "num": "152120171116",
      "dept": 4,
      "pob": "Bilecik",
      "dob": "2000-03-07"
    },
    {
      "id": 17,
      "fname": "Isim17",
      "lname": "Soyisim17",
      "num": "152120171117",
      "dept": 1,
      "pob": "Manisa",
      "dob": "2000-03-31"
    },
    {
      "id": 18,
      "fname": "Isim18",
      "lname": "Soyisim18",
      "num": "152120171118",
      "dept": 1,
      "pob": "Bolu",
      "dob": "2000-06-25"
    },
    {
      "id": 19,
      "fname": "Isim19",
      "lname": "Soyisim19",
      "num": "152120171119",
      "dept": 2,
      "pob": "Hatay",
      "dob": "1997-03-04"
    },
    {
      "id": 20,
      "fname": "Isim20",
      "lname": "Soyisim20",
      "num": "152120171120",
      "dept": 3,
      "pob": "Afyon",
      "dob": "2000-07-18"
    },
    {
      "id": 21,
      "fname": "Isim21",
      "lname": "Soyisim21",
      "num": "152120171121",
      "dept": 1,
      "pob": "Kars",
      "dob": "2001-08-08"
    },
    {
      "id": 22,
      "fname": "Isim22",
      "lname": "Soyisim22",
      "num": "152120171122",
      "dept": 4,
      "pob": "Mardin",
      "dob": "1997-01-31"
    },
    {
      "id": 23,
      "fname": "Isim23",
      "lname": "Soyisim23",
      "num": "152120171123",
      "dept": 2,
      "pob": "Van",
      "dob": "2002-05-11"
    },
    {
      "id": 24,
      "fname": "Isim24",
      "lname": "Soyisim24",
      "num": "152120171124",
      "dept": 1,
      "pob": "Aydın",
      "dob": "2001-09-11"
    },
    {
      "id": 25,
      "fname": "Isim25",
      "lname": "Soyisim25",
      "num": "152120171125",
      "dept": 3,
      "pob": "Mersin",
      "dob": "2000-07-17"
    }
  ]
}